# ************************************************************
# Sequel Pro SQL dump
# Version 4541
#
# http://www.sequelpro.com/
# https://github.com/sequelpro/sequelpro
#
# Host: 127.0.0.1 (MySQL 5.7.24)
# Database: agm
# Generation Time: 2020-03-22 13:46:25 +0000
# ************************************************************


/*!40101 SET @OLD_CHARACTER_SET_CLIENT=@@CHARACTER_SET_CLIENT */;
/*!40101 SET @OLD_CHARACTER_SET_RESULTS=@@CHARACTER_SET_RESULTS */;
/*!40101 SET @OLD_COLLATION_CONNECTION=@@COLLATION_CONNECTION */;
/*!40101 SET NAMES utf8 */;
/*!40014 SET @OLD_FOREIGN_KEY_CHECKS=@@FOREIGN_KEY_CHECKS, FOREIGN_KEY_CHECKS=0 */;
/*!40101 SET @OLD_SQL_MODE=@@SQL_MODE, SQL_MODE='NO_AUTO_VALUE_ON_ZERO' */;
/*!40111 SET @OLD_SQL_NOTES=@@SQL_NOTES, SQL_NOTES=0 */;


# Dump of table agenda
# ------------------------------------------------------------

DROP TABLE IF EXISTS `agenda`;

CREATE TABLE `agenda` (
  `id` bigint(20) NOT NULL,
  `agenda_label` varchar(255) DEFAULT NULL,
  `bod_opinion` varchar(255) DEFAULT NULL,
  `close_time` datetime DEFAULT NULL,
  `memo` varchar(255) DEFAULT NULL,
  `open_time` datetime DEFAULT NULL,
  `option_voting_summary_type` varchar(255) DEFAULT NULL,
  `page_break_after` bit(1) DEFAULT NULL,
  `engName` varchar(1000) DEFAULT NULL,
  `name` varchar(1000) NOT NULL,
  PRIMARY KEY (`id`)
) ENGINE=InnoDB DEFAULT CHARSET=utf8;

LOCK TABLES `agenda` WRITE;
/*!40000 ALTER TABLE `agenda` DISABLE KEYS */;

INSERT INTO `agenda` (`id`, `agenda_label`, `bod_opinion`, `close_time`, `memo`, `open_time`, `option_voting_summary_type`, `page_break_after`, `engName`, `name`)
VALUES
	(1,'sdf','sdfas',NULL,'dfasdfasdf',NULL,NULL,b'0','ssdfa','xxx');

/*!40000 ALTER TABLE `agenda` ENABLE KEYS */;
UNLOCK TABLES;


# Dump of table agm_role
# ------------------------------------------------------------

DROP TABLE IF EXISTS `agm_role`;

CREATE TABLE `agm_role` (
  `id` bigint(20) NOT NULL AUTO_INCREMENT,
  `version` bigint(20) NOT NULL,
  `authority` varchar(20) NOT NULL,
  PRIMARY KEY (`id`),
  UNIQUE KEY `authority` (`authority`)
) ENGINE=InnoDB DEFAULT CHARSET=utf8;

LOCK TABLES `agm_role` WRITE;
/*!40000 ALTER TABLE `agm_role` DISABLE KEYS */;

INSERT INTO `agm_role` (`id`, `version`, `authority`)
VALUES
	(1,0,'ROLE_SYSTEM_ADMIN'),
	(2,0,'ROLE_CUSTOMER_ADMIN'),
	(3,0,'ROLE_REGISTRAR'),
	(4,0,'ROLE_REGISTRAR_FLOW'),
	(5,0,'ROLE_VOTE_COUNTER'),
	(6,0,'ROLE_PREREGISTRATION'),
	(7,0,'ROLE_VIEWER');

/*!40000 ALTER TABLE `agm_role` ENABLE KEYS */;
UNLOCK TABLES;


# Dump of table agm_user
# ------------------------------------------------------------

DROP TABLE IF EXISTS `agm_user`;

CREATE TABLE `agm_user` (
  `id` bigint(20) NOT NULL AUTO_INCREMENT,
  `version` bigint(20) NOT NULL,
  `account_expired` bit(1) NOT NULL,
  `account_locked` bit(1) NOT NULL,
  `company_id` bigint(20) DEFAULT NULL,
  `enabled` bit(1) NOT NULL,
  `first_name` varchar(50) NOT NULL,
  `last_name` varchar(50) NOT NULL,
  `password` varchar(255) NOT NULL,
  `password_expired` bit(1) NOT NULL,
  `title` varchar(6) DEFAULT NULL,
  `username` varchar(15) NOT NULL,
  PRIMARY KEY (`id`),
  UNIQUE KEY `company_id` (`company_id`,`username`),
  KEY `FK6465B80369595C7A` (`company_id`),
  CONSTRAINT `FK6465B80369595C7A` FOREIGN KEY (`company_id`) REFERENCES `company` (`id`)
) ENGINE=InnoDB DEFAULT CHARSET=utf8;

LOCK TABLES `agm_user` WRITE;
/*!40000 ALTER TABLE `agm_user` DISABLE KEYS */;

INSERT INTO `agm_user` (`id`, `version`, `account_expired`, `account_locked`, `company_id`, `enabled`, `first_name`, `last_name`, `password`, `password_expired`, `title`, `username`)
VALUES
	(1,0,b'0',b'0',NULL,b'1','System','Admin','5e884898da28047151d0e56f8dc6292773603d0d6aabbdd62a11ef721d1542d8',b'0',NULL,'sysadmin'),
	(2,2,b'0',b'0',1,b'1','Meeting','Administrator','5e884898da28047151d0e56f8dc6292773603d0d6aabbdd62a11ef721d1542d8',b'0','???','admin'),
	(3,0,b'0',b'0',1,b'1','meeting','master','5e884898da28047151d0e56f8dc6292773603d0d6aabbdd62a11ef721d1542d8',b'0','Mr','oddsmeeting');

/*!40000 ALTER TABLE `agm_user` ENABLE KEYS */;
UNLOCK TABLES;


# Dump of table agm_user_agm_role
# ------------------------------------------------------------

DROP TABLE IF EXISTS `agm_user_agm_role`;

CREATE TABLE `agm_user_agm_role` (
  `agm_role_id` bigint(20) NOT NULL,
  `agm_user_id` bigint(20) NOT NULL,
  PRIMARY KEY (`agm_role_id`,`agm_user_id`),
  KEY `FKCD2F196AD857E849` (`agm_role_id`),
  KEY `FKCD2F196A7D82AC29` (`agm_user_id`),
  CONSTRAINT `FKCD2F196A7D82AC29` FOREIGN KEY (`agm_user_id`) REFERENCES `agm_user` (`id`),
  CONSTRAINT `FKCD2F196AD857E849` FOREIGN KEY (`agm_role_id`) REFERENCES `agm_role` (`id`)
) ENGINE=InnoDB DEFAULT CHARSET=utf8;

LOCK TABLES `agm_user_agm_role` WRITE;
/*!40000 ALTER TABLE `agm_user_agm_role` DISABLE KEYS */;

INSERT INTO `agm_user_agm_role` (`agm_role_id`, `agm_user_id`)
VALUES
	(1,1),
	(2,2),
	(7,1),
	(7,2),
	(7,3);

/*!40000 ALTER TABLE `agm_user_agm_role` ENABLE KEYS */;
UNLOCK TABLES;


# Dump of table ballot
# ------------------------------------------------------------

DROP TABLE IF EXISTS `ballot`;

CREATE TABLE `ballot` (
  `id` bigint(20) NOT NULL AUTO_INCREMENT,
  `version` bigint(20) NOT NULL,
  `abstain_ballot_key` varchar(8) DEFAULT NULL,
  `approve_vote_option_id` bigint(20) DEFAULT NULL,
  `ballot_detail_id` bigint(20) NOT NULL,
  `ballot_key` varchar(8) NOT NULL,
  `cancel_time` datetime DEFAULT NULL,
  `cumulative_type` varchar(255) DEFAULT NULL,
  `disapprove_ballot_key` varchar(8) DEFAULT NULL,
  `excluded` bit(1) NOT NULL,
  `pre_vote` bit(1) NOT NULL,
  `print_confirmed` bit(1) NOT NULL,
  `registration_id` bigint(20) NOT NULL,
  `voting_score_type` varchar(255) DEFAULT NULL,
  PRIMARY KEY (`id`),
  KEY `FKACC49024CD331723` (`ballot_detail_id`),
  KEY `FKACC49024712EB422` (`approve_vote_option_id`),
  KEY `FKACC49024A0B7DF3A` (`registration_id`),
  CONSTRAINT `FKACC49024712EB422` FOREIGN KEY (`approve_vote_option_id`) REFERENCES `ballot_voting_option` (`id`),
  CONSTRAINT `FKACC49024A0B7DF3A` FOREIGN KEY (`registration_id`) REFERENCES `registration` (`id`),
  CONSTRAINT `FKACC49024CD331723` FOREIGN KEY (`ballot_detail_id`) REFERENCES `ballot_detail` (`id`)
) ENGINE=InnoDB DEFAULT CHARSET=utf8;



# Dump of table ballot_detail
# ------------------------------------------------------------

DROP TABLE IF EXISTS `ballot_detail`;

CREATE TABLE `ballot_detail` (
  `id` bigint(20) NOT NULL AUTO_INCREMENT,
  `version` bigint(20) NOT NULL,
  `ballot_order` double NOT NULL,
  `description` varchar(1000) DEFAULT NULL,
  `meeting_id` bigint(20) NOT NULL,
  `name` varchar(1000) NOT NULL,
  `override_ballot_order` varchar(255) DEFAULT NULL,
  `type` int(11) NOT NULL,
  PRIMARY KEY (`id`),
  KEY `FKC57DD4CCCB389BBA` (`meeting_id`),
  CONSTRAINT `FKC57DD4CCCB389BBA` FOREIGN KEY (`meeting_id`) REFERENCES `meeting` (`id`)
) ENGINE=InnoDB DEFAULT CHARSET=utf8;

LOCK TABLES `ballot_detail` WRITE;
/*!40000 ALTER TABLE `ballot_detail` DISABLE KEYS */;

INSERT INTO `ballot_detail` (`id`, `version`, `ballot_order`, `description`, `meeting_id`, `name`, `override_ballot_order`, `type`)
VALUES
	(1,0,1,'asdfa',1,'xxx',NULL,1);

/*!40000 ALTER TABLE `ballot_detail` ENABLE KEYS */;
UNLOCK TABLES;


# Dump of table ballot_voting_option
# ------------------------------------------------------------

DROP TABLE IF EXISTS `ballot_voting_option`;

CREATE TABLE `ballot_voting_option` (
  `id` bigint(20) NOT NULL AUTO_INCREMENT,
  `version` bigint(20) NOT NULL,
  `ballot_id` bigint(20) NOT NULL,
  `barcode` varchar(255) NOT NULL,
  `vote_option_id` bigint(20) NOT NULL,
  `options_idx` int(11) DEFAULT NULL,
  PRIMARY KEY (`id`),
  KEY `FKBC18B1B2AF69962F` (`vote_option_id`),
  KEY `FKBC18B1B2A46CBB5A` (`ballot_id`),
  CONSTRAINT `FKBC18B1B2A46CBB5A` FOREIGN KEY (`ballot_id`) REFERENCES `ballot` (`id`),
  CONSTRAINT `FKBC18B1B2AF69962F` FOREIGN KEY (`vote_option_id`) REFERENCES `vote_option` (`id`)
) ENGINE=InnoDB DEFAULT CHARSET=utf8;



# Dump of table bod_vote_agenda
# ------------------------------------------------------------

DROP TABLE IF EXISTS `bod_vote_agenda`;

CREATE TABLE `bod_vote_agenda` (
  `id` bigint(20) NOT NULL,
  `approve_message` longtext,
  `calculation_base` int(11) DEFAULT NULL,
  `exclude_condition` int(11) DEFAULT NULL,
  `group_vote` bit(1) DEFAULT NULL,
  `lessen` bit(1) DEFAULT NULL,
  `max_abstain_percent` int(11) DEFAULT NULL,
  `max_disapprove_percent` int(11) DEFAULT NULL,
  `max_disapprove_percent_of_register_shares` int(11) DEFAULT NULL,
  `max_voided_percent` int(11) DEFAULT NULL,
  `min_approve_percentage` int(11) DEFAULT NULL,
  `req_candidate_num` int(11) DEFAULT NULL,
  `show_percent` bit(1) DEFAULT NULL,
  `voided_ballot_display_option` int(11) DEFAULT NULL,
  `vote_counting_type` int(11) DEFAULT NULL,
  `vote_print_type` varchar(255) DEFAULT NULL,
  `voting_type` int(11) DEFAULT NULL,
  PRIMARY KEY (`id`)
) ENGINE=InnoDB DEFAULT CHARSET=utf8;



# Dump of table candidate
# ------------------------------------------------------------

DROP TABLE IF EXISTS `candidate`;

CREATE TABLE `candidate` (
  `id` bigint(20) NOT NULL,
  `age` int(11) DEFAULT NULL,
  `agenda_id` bigint(20) DEFAULT NULL,
  `bod_course` varchar(255) DEFAULT NULL,
  `education` varchar(255) DEFAULT NULL,
  `eng_name` varchar(255) DEFAULT NULL,
  `experience` varchar(255) DEFAULT NULL,
  `picture` varchar(255) DEFAULT NULL,
  `position` varchar(100) DEFAULT NULL,
  `reference_id` varchar(13) DEFAULT NULL,
  PRIMARY KEY (`id`),
  KEY `FK1E51958356E05EBB` (`agenda_id`),
  CONSTRAINT `FK1E51958356E05EBB` FOREIGN KEY (`agenda_id`) REFERENCES `bod_vote_agenda` (`id`)
) ENGINE=InnoDB DEFAULT CHARSET=utf8;



# Dump of table company
# ------------------------------------------------------------

DROP TABLE IF EXISTS `company`;

CREATE TABLE `company` (
  `id` bigint(20) NOT NULL AUTO_INCREMENT,
  `version` bigint(20) NOT NULL,
  `address` varchar(255) NOT NULL,
  `contact_person` varchar(255) NOT NULL,
  `email` varchar(255) NOT NULL,
  `end_date` date NOT NULL,
  `eng_name` varchar(255) NOT NULL,
  `phone` varchar(255) NOT NULL,
  `start_date` date NOT NULL,
  `status` bit(1) NOT NULL,
  `symbol` varchar(255) NOT NULL,
  `thai_name` varchar(255) NOT NULL,
  PRIMARY KEY (`id`),
  UNIQUE KEY `symbol` (`symbol`)
) ENGINE=InnoDB DEFAULT CHARSET=utf8;

LOCK TABLES `company` WRITE;
/*!40000 ALTER TABLE `company` DISABLE KEYS */;

INSERT INTO `company` (`id`, `version`, `address`, `contact_person`, `email`, `end_date`, `eng_name`, `phone`, `start_date`, `status`, `symbol`, `thai_name`)
VALUES
	(1,0,'????','???','jane.makub@gmail.com','2019-01-31','Odd-e','0812869912','2019-01-01',b'1',' ODDS','?????');

/*!40000 ALTER TABLE `company` ENABLE KEYS */;
UNLOCK TABLES;


# Dump of table excluded_shareholder
# ------------------------------------------------------------

DROP TABLE IF EXISTS `excluded_shareholder`;

CREATE TABLE `excluded_shareholder` (
  `id` bigint(20) NOT NULL AUTO_INCREMENT,
  `version` bigint(20) NOT NULL,
  `agenda_id` bigint(20) NOT NULL,
  `excluded_share` decimal(19,4) NOT NULL,
  `shareholder_id` bigint(20) NOT NULL,
  PRIMARY KEY (`id`),
  KEY `FK52295756E86525A` (`agenda_id`),
  KEY `FK52295756C7C2F1BA` (`shareholder_id`),
  CONSTRAINT `FK52295756C7C2F1BA` FOREIGN KEY (`shareholder_id`) REFERENCES `shareholder` (`id`),
  CONSTRAINT `FK52295756E86525A` FOREIGN KEY (`agenda_id`) REFERENCES `agenda` (`id`)
) ENGINE=InnoDB DEFAULT CHARSET=utf8;



# Dump of table gift
# ------------------------------------------------------------

DROP TABLE IF EXISTS `gift`;

CREATE TABLE `gift` (
  `id` bigint(20) NOT NULL,
  `custom_image` bit(1) DEFAULT NULL,
  `gift_print_type` varchar(255) DEFAULT NULL,
  `is_confirm_ballot` bit(1) DEFAULT NULL,
  `show_at_first_page` bit(1) DEFAULT NULL,
  `sign_ballot_description` varchar(255) DEFAULT NULL,
  PRIMARY KEY (`id`)
) ENGINE=InnoDB DEFAULT CHARSET=utf8;



# Dump of table instruction_box
# ------------------------------------------------------------

DROP TABLE IF EXISTS `instruction_box`;

CREATE TABLE `instruction_box` (
  `id` bigint(20) NOT NULL AUTO_INCREMENT,
  `version` bigint(20) NOT NULL,
  `code` varchar(255) NOT NULL,
  `detail` longtext,
  `meeting_id` bigint(20) NOT NULL,
  `title` varchar(255) NOT NULL,
  PRIMARY KEY (`id`),
  UNIQUE KEY `meeting_id` (`meeting_id`,`code`),
  KEY `FK5BA0A29ACB389BBA` (`meeting_id`),
  CONSTRAINT `FK5BA0A29ACB389BBA` FOREIGN KEY (`meeting_id`) REFERENCES `meeting` (`id`)
) ENGINE=InnoDB DEFAULT CHARSET=utf8;

LOCK TABLES `instruction_box` WRITE;
/*!40000 ALTER TABLE `instruction_box` DISABLE KEYS */;

INSERT INTO `instruction_box` (`id`, `version`, `code`, `detail`, `meeting_id`, `title`)
VALUES
	(1,0,'0','1. ????????????? ???????????????????????????\n2. ?????????????????????????????? ????????????? ??????????????????',1,'???????????: ???????????????????'),
	(2,0,'1','1. ??????????? ??????? ???????????????????????????? ???????????????\n2. ???????????????? ????????????????????????????\n3. ?????????????????????????????? ???????????????? ????????????????????????????',1,'???????????: ?????????????'),
	(3,0,'2','1. ???????????????????????? ??????????????????????????????? ??????????????????????????????????????\n2. ??????????????????? ????????????????????????????? ?????????',1,'???????????: ?????????/?????????'),
	(4,0,'3','1. ??????????????????? ?????????????\n2. ???????????????????????????????? ????????????',1,'???????????: ????????????????????'),
	(5,0,'4','1. ????????????????????????\n2. ?????????????????????????? ???????????????????????',1,'???????????: ?????????????????????????????????????????????????'),
	(6,0,'5','1. ????????????????????????????? ????????????????????????????????????????? ???? ?',1,'???????????: ????????????????????'),
	(7,0,'6','1. ?????????????????????? ?????????????????????????????????\n2. ?????????????????? ??????????????',1,'???????????: ??????????'),
	(8,0,'7','1. ????????????????????????????\n2. ???????????????????????????????? ????????????????????????????',1,'???????????: ?????????/?????????'),
	(9,0,'8','1. ????????????????????????????\n2. ???????????????????????????????? ????????????????????????????\n3. ????? ????????????? ? ???????????????????????\n** ???????????????????????????',1,'???????????: ?????????/?????????'),
	(10,0,'9','',1,'???????????: ???????????????'),
	(11,0,'10','1. ????????????????????????????\n2. ???????????????????????????????? ????????????????????????????\n3. ????????????????? ???????????????????????????',1,'???????????: ?????????/?????????'),
	(12,0,'11','1. ??????????????????? ?????????????\n2. ???????????????????????????????? ????????????',1,'Custodian: ????????????????????'),
	(13,0,'12','1. ????????????????????????\n2. ?????????????????????????? ???????????????????????',1,'Custodian: ?????????????????????????????????????????????????'),
	(14,0,'13','1. ?????????????????????????????????????????????????????? ???????????????????? ?',1,'Custodian: ????????????????????'),
	(15,0,'14','1. ?????????????????????? ?????????????????????????????????\n2. ?????????????????? ??????????????',1,'Custodian: ??????????'),
	(16,0,'15','1. ????????????????????????????\n2. ???????????????????????????????? ????????????????????????????',1,'Custodian: ?????????/?????????'),
	(17,0,'16','1. ????????????????????????????\n2. ???????????????????????????????? ????????????????????????????\n3. ????? ????????????? ? ???????????????????????\n** ???????????????????????????',1,'Custodian: ?????????/?????????'),
	(18,0,'17','',1,'Custodian: ???????????????'),
	(19,0,'18','1. ????????????????????????????\n2. ???????????????????????????????? ????????????????????????????\n3. ????????????????? ???????????????????????????',1,'Custodian: ?????????/?????????');

/*!40000 ALTER TABLE `instruction_box` ENABLE KEYS */;
UNLOCK TABLES;


# Dump of table instruction_box_master
# ------------------------------------------------------------

DROP TABLE IF EXISTS `instruction_box_master`;

CREATE TABLE `instruction_box_master` (
  `id` bigint(20) NOT NULL AUTO_INCREMENT,
  `version` bigint(20) NOT NULL,
  `code` varchar(255) NOT NULL,
  `company_id` bigint(20) NOT NULL,
  `detail` longtext,
  `title` varchar(255) NOT NULL,
  PRIMARY KEY (`id`),
  UNIQUE KEY `company_id` (`company_id`,`code`),
  KEY `FKAD3743A769595C7A` (`company_id`),
  CONSTRAINT `FKAD3743A769595C7A` FOREIGN KEY (`company_id`) REFERENCES `company` (`id`)
) ENGINE=InnoDB DEFAULT CHARSET=utf8;

LOCK TABLES `instruction_box_master` WRITE;
/*!40000 ALTER TABLE `instruction_box_master` DISABLE KEYS */;

INSERT INTO `instruction_box_master` (`id`, `version`, `code`, `company_id`, `detail`, `title`)
VALUES
	(1,0,'0',1,'1. ????????????? ???????????????????????????\n2. ?????????????????????????????? ????????????? ??????????????????','???????????: ???????????????????'),
	(2,0,'1',1,'1. ??????????? ??????? ???????????????????????????? ???????????????\n2. ???????????????? ????????????????????????????\n3. ?????????????????????????????? ???????????????? ????????????????????????????','???????????: ?????????????'),
	(3,0,'2',1,'1. ???????????????????????? ??????????????????????????????? ??????????????????????????????????????\n2. ??????????????????? ????????????????????????????? ?????????','???????????: ?????????/?????????'),
	(4,0,'3',1,'1. ??????????????????? ?????????????\n2. ???????????????????????????????? ????????????','???????????: ????????????????????'),
	(5,0,'4',1,'1. ????????????????????????\n2. ?????????????????????????? ???????????????????????','???????????: ?????????????????????????????????????????????????'),
	(6,0,'5',1,'1. ????????????????????????????? ????????????????????????????????????????? ???? ?','???????????: ????????????????????'),
	(7,0,'6',1,'1. ?????????????????????? ?????????????????????????????????\n2. ?????????????????? ??????????????','???????????: ??????????'),
	(8,0,'7',1,'1. ????????????????????????????\n2. ???????????????????????????????? ????????????????????????????','???????????: ?????????/?????????'),
	(9,0,'8',1,'1. ????????????????????????????\n2. ???????????????????????????????? ????????????????????????????\n3. ????? ????????????? ? ???????????????????????\n** ???????????????????????????','???????????: ?????????/?????????'),
	(10,0,'9',1,'','???????????: ???????????????'),
	(11,0,'10',1,'1. ????????????????????????????\n2. ???????????????????????????????? ????????????????????????????\n3. ????????????????? ???????????????????????????','???????????: ?????????/?????????'),
	(12,0,'11',1,'1. ??????????????????? ?????????????\n2. ???????????????????????????????? ????????????','Custodian: ????????????????????'),
	(13,0,'12',1,'1. ????????????????????????\n2. ?????????????????????????? ???????????????????????','Custodian: ?????????????????????????????????????????????????'),
	(14,0,'13',1,'1. ?????????????????????????????????????????????????????? ???????????????????? ?','Custodian: ????????????????????'),
	(15,0,'14',1,'1. ?????????????????????? ?????????????????????????????????\n2. ?????????????????? ??????????????','Custodian: ??????????'),
	(16,0,'15',1,'1. ????????????????????????????\n2. ???????????????????????????????? ????????????????????????????','Custodian: ?????????/?????????'),
	(17,0,'16',1,'1. ????????????????????????????\n2. ???????????????????????????????? ????????????????????????????\n3. ????? ????????????? ? ???????????????????????\n** ???????????????????????????','Custodian: ?????????/?????????'),
	(18,0,'17',1,'','Custodian: ???????????????'),
	(19,0,'18',1,'1. ????????????????????????????\n2. ???????????????????????????????? ????????????????????????????\n3. ????????????????? ???????????????????????????','Custodian: ?????????/?????????');

/*!40000 ALTER TABLE `instruction_box_master` ENABLE KEYS */;
UNLOCK TABLES;


# Dump of table log_entry
# ------------------------------------------------------------

DROP TABLE IF EXISTS `log_entry`;

CREATE TABLE `log_entry` (
  `id` bigint(20) NOT NULL AUTO_INCREMENT,
  `company_name` varchar(255) DEFAULT NULL,
  `meeting_id` bigint(20) NOT NULL,
  `operation` varchar(255) NOT NULL,
  `remark` longtext,
  `target` varchar(255) NOT NULL,
  `timestamp` datetime NOT NULL,
  `type` varchar(255) NOT NULL,
  `user_id` varchar(255) NOT NULL,
  `user_name` varchar(255) NOT NULL,
  PRIMARY KEY (`id`)
) ENGINE=InnoDB DEFAULT CHARSET=utf8;



# Dump of table meeting
# ------------------------------------------------------------

DROP TABLE IF EXISTS `meeting`;

CREATE TABLE `meeting` (
  `id` bigint(20) NOT NULL AUTO_INCREMENT,
  `version` bigint(20) NOT NULL,
  `agenda_name_ballot` bit(1) NOT NULL,
  `ballot_alignment` varchar(255) DEFAULT NULL,
  `ballot_report_header` varchar(255) DEFAULT NULL,
  `close_time` datetime DEFAULT NULL,
  `company_id` bigint(20) NOT NULL,
  `custom_meeting_time_text` varchar(255) DEFAULT NULL,
  `decimal_point` int(11) NOT NULL,
  `description` varchar(255) NOT NULL,
  `eng_name` varchar(255) NOT NULL,
  `gift_print_choice` varchar(255) DEFAULT NULL,
  `is_ready` bit(1) NOT NULL,
  `meeting_date` datetime NOT NULL,
  `meeting_place` varchar(255) NOT NULL,
  `minimum_registered_share_percent` double NOT NULL,
  `minimum_shareholder` int(11) NOT NULL,
  `minimum_shareholder_percent` double NOT NULL,
  `minimum_vip_share` int(11) DEFAULT NULL,
  `name` varchar(255) NOT NULL,
  `open_time` datetime DEFAULT NULL,
  `quorum_condition` int(11) NOT NULL,
  `quorum_condition_met_message` longtext,
  `regis_password` varchar(255) DEFAULT NULL,
  `registration_summary_template` int(11) NOT NULL,
  `selected_ballot_template` varchar(255) NOT NULL,
  `shares_digit` varchar(255) DEFAULT NULL,
  `shares_unit` varchar(255) DEFAULT NULL,
  `show_account_id` bit(1) DEFAULT NULL,
  `show_no_vote_ballot` bit(1) NOT NULL,
  `show_num_voided_vote` bit(1) NOT NULL,
  `show_num_vote_shareholder` bit(1) NOT NULL,
  `show_shareholder_in_room` bit(1) NOT NULL,
  `show_shareholder_percent` bit(1) DEFAULT NULL,
  `show_snapshot_in_vote_result` int(11) NOT NULL,
  `sign_signature` bit(1) DEFAULT NULL,
  `type` int(11) NOT NULL,
  `use_multiple_ballot_key` bit(1) NOT NULL,
  `use_voided_ballot` bit(1) NOT NULL,
  PRIMARY KEY (`id`),
  KEY `FK38264A3B69595C7A` (`company_id`),
  CONSTRAINT `FK38264A3B69595C7A` FOREIGN KEY (`company_id`) REFERENCES `company` (`id`)
) ENGINE=InnoDB DEFAULT CHARSET=utf8;

LOCK TABLES `meeting` WRITE;
/*!40000 ALTER TABLE `meeting` DISABLE KEYS */;

INSERT INTO `meeting` (`id`, `version`, `agenda_name_ballot`, `ballot_alignment`, `ballot_report_header`, `close_time`, `company_id`, `custom_meeting_time_text`, `decimal_point`, `description`, `eng_name`, `gift_print_choice`, `is_ready`, `meeting_date`, `meeting_place`, `minimum_registered_share_percent`, `minimum_shareholder`, `minimum_shareholder_percent`, `minimum_vip_share`, `name`, `open_time`, `quorum_condition`, `quorum_condition_met_message`, `regis_password`, `registration_summary_template`, `selected_ballot_template`, `shares_digit`, `shares_unit`, `show_account_id`, `show_no_vote_ballot`, `show_num_voided_vote`, `show_num_vote_shareholder`, `show_shareholder_in_room`, `show_shareholder_percent`, `show_snapshot_in_vote_result`, `sign_signature`, `type`, `use_multiple_ballot_key`, `use_voided_ballot`)
VALUES
	(1,0,b'0','VERTICAL',NULL,NULL,1,NULL,4,'Test Meeting','Test Meeting','ONLY_FIRST_PROXY',b'0','2019-01-05 23:25:00','????',33.33,25,50,NULL,'Test Meeting',NULL,0,NULL,'1234',1,'1','ZERO','SHARES',b'0',b'1',b'0',b'1',b'1',b'0',0,b'0',0,b'0',b'0');

/*!40000 ALTER TABLE `meeting` ENABLE KEYS */;
UNLOCK TABLES;


# Dump of table meeting_prefer_proxy
# ------------------------------------------------------------

DROP TABLE IF EXISTS `meeting_prefer_proxy`;

CREATE TABLE `meeting_prefer_proxy` (
  `meeting_id` bigint(20) DEFAULT NULL,
  `prefer_proxy_string` varchar(255) DEFAULT NULL,
  `prefer_proxy_idx` int(11) DEFAULT NULL
) ENGINE=InnoDB DEFAULT CHARSET=utf8;



# Dump of table pre_regis_share_holder
# ------------------------------------------------------------

DROP TABLE IF EXISTS `pre_regis_share_holder`;

CREATE TABLE `pre_regis_share_holder` (
  `id` bigint(20) NOT NULL AUTO_INCREMENT,
  `version` bigint(20) NOT NULL,
  `account_id` varchar(10) NOT NULL,
  `address1` varchar(255) NOT NULL,
  `address2` varchar(255) NOT NULL,
  `authorize_to` varchar(255) DEFAULT NULL,
  `email` varchar(255) DEFAULT NULL,
  `fax` varchar(255) DEFAULT NULL,
  `first_name` varchar(255) NOT NULL,
  `holder_type` varchar(255) DEFAULT NULL,
  `home_phone` varchar(255) DEFAULT NULL,
  `last_name` varchar(255) NOT NULL,
  `meeting_id` bigint(20) NOT NULL,
  `mobile_phone` varchar(255) DEFAULT NULL,
  `new_address` varchar(255) DEFAULT NULL,
  `new_email` varchar(255) DEFAULT NULL,
  `new_phone` varchar(255) DEFAULT NULL,
  `new_region` varchar(255) DEFAULT NULL,
  `province` varchar(255) NOT NULL,
  `reference_id` varchar(255) NOT NULL,
  `reference_type` varchar(255) NOT NULL,
  `region` varchar(255) NOT NULL,
  `registration_type` varchar(255) DEFAULT NULL,
  `same_address` bit(1) DEFAULT NULL,
  `share_quantity` bigint(20) NOT NULL,
  `title` varchar(255) DEFAULT NULL,
  `update_date` datetime DEFAULT NULL,
  `update_user_id` bigint(20) DEFAULT NULL,
  `work_phone` varchar(255) DEFAULT NULL,
  `zip_code` varchar(255) NOT NULL,
  PRIMARY KEY (`id`),
  KEY `FKFAAEA309D82E89EB` (`update_user_id`),
  KEY `FKFAAEA309CB389BBA` (`meeting_id`),
  CONSTRAINT `FKFAAEA309CB389BBA` FOREIGN KEY (`meeting_id`) REFERENCES `meeting` (`id`),
  CONSTRAINT `FKFAAEA309D82E89EB` FOREIGN KEY (`update_user_id`) REFERENCES `agm_user` (`id`)
) ENGINE=InnoDB DEFAULT CHARSET=utf8;



# Dump of table registration
# ------------------------------------------------------------

DROP TABLE IF EXISTS `registration`;

CREATE TABLE `registration` (
  `id` bigint(20) NOT NULL AUTO_INCREMENT,
  `version` bigint(20) NOT NULL,
  `can_separate_share` bit(1) NOT NULL,
  `is_check_out` bit(1) NOT NULL,
  `is_custodian` bit(1) NOT NULL,
  `is_group` bit(1) NOT NULL,
  `is_proxy` bit(1) NOT NULL,
  `meeting_id` bigint(20) NOT NULL,
  `name` varchar(255) NOT NULL,
  `name_without_title` varchar(255) DEFAULT NULL,
  `print_ballot` bit(1) NOT NULL,
  `proxy_name` varchar(255) DEFAULT NULL,
  `proxy_name_without_title` varchar(255) DEFAULT NULL,
  `proxy_type` int(11) DEFAULT NULL,
  `proxy_vote_type` varchar(255) DEFAULT NULL,
  `reg_date` datetime NOT NULL,
  `reg_order` int(11) NOT NULL,
  `tag_id` bigint(20) DEFAULT NULL,
  PRIMARY KEY (`id`),
  KEY `FKAF83E8B9CB389BBA` (`meeting_id`),
  KEY `FKAF83E8B9777483E1` (`tag_id`),
  CONSTRAINT `FKAF83E8B9777483E1` FOREIGN KEY (`tag_id`) REFERENCES `registration_tag` (`id`),
  CONSTRAINT `FKAF83E8B9CB389BBA` FOREIGN KEY (`meeting_id`) REFERENCES `meeting` (`id`)
) ENGINE=InnoDB DEFAULT CHARSET=utf8;



# Dump of table registration_gift
# ------------------------------------------------------------

DROP TABLE IF EXISTS `registration_gift`;

CREATE TABLE `registration_gift` (
  `registration_viewable_gifts_id` bigint(20) DEFAULT NULL,
  `gift_id` bigint(20) DEFAULT NULL,
  `viewable_gifts_idx` int(11) DEFAULT NULL,
  KEY `FKAFC8C4F61C417DA` (`gift_id`),
  CONSTRAINT `FKAFC8C4F61C417DA` FOREIGN KEY (`gift_id`) REFERENCES `gift` (`id`)
) ENGINE=InnoDB DEFAULT CHARSET=utf8;



# Dump of table registration_tag
# ------------------------------------------------------------

DROP TABLE IF EXISTS `registration_tag`;

CREATE TABLE `registration_tag` (
  `id` bigint(20) NOT NULL AUTO_INCREMENT,
  `version` bigint(20) NOT NULL,
  `can_separate_share` bit(1) NOT NULL,
  `is_proxy` bit(1) NOT NULL,
  `is_systematic` bit(1) NOT NULL,
  `meeting_id` bigint(20) NOT NULL,
  `name` varchar(255) NOT NULL,
  `proxy_name` varchar(255) DEFAULT NULL,
  `proxy_type` varchar(255) DEFAULT NULL,
  PRIMARY KEY (`id`),
  UNIQUE KEY `meeting_id` (`meeting_id`,`name`),
  KEY `FK5ABD314CB389BBA` (`meeting_id`),
  CONSTRAINT `FK5ABD314CB389BBA` FOREIGN KEY (`meeting_id`) REFERENCES `meeting` (`id`)
) ENGINE=InnoDB DEFAULT CHARSET=utf8;

LOCK TABLES `registration_tag` WRITE;
/*!40000 ALTER TABLE `registration_tag` DISABLE KEYS */;

INSERT INTO `registration_tag` (`id`, `version`, `can_separate_share`, `is_proxy`, `is_systematic`, `meeting_id`, `name`, `proxy_name`, `proxy_type`)
VALUES
	(1,0,b'0',b'1',b'1',1,'Proxy Type B',NULL,'TYPE_B'),
	(2,0,b'1',b'1',b'1',1,'Proxy Type C',NULL,'TYPE_C');

/*!40000 ALTER TABLE `registration_tag` ENABLE KEYS */;
UNLOCK TABLES;


# Dump of table registration_tag_agm_user
# ------------------------------------------------------------

DROP TABLE IF EXISTS `registration_tag_agm_user`;

CREATE TABLE `registration_tag_agm_user` (
  `registration_tag_default_for_users_id` bigint(20) DEFAULT NULL,
  `agm_user_id` bigint(20) DEFAULT NULL,
  KEY `FK32794CCE7D82AC29` (`agm_user_id`),
  KEY `FK32794CCE92B52EF2` (`registration_tag_default_for_users_id`),
  CONSTRAINT `FK32794CCE7D82AC29` FOREIGN KEY (`agm_user_id`) REFERENCES `agm_user` (`id`),
  CONSTRAINT `FK32794CCE92B52EF2` FOREIGN KEY (`registration_tag_default_for_users_id`) REFERENCES `registration_tag` (`id`)
) ENGINE=InnoDB DEFAULT CHARSET=utf8;



# Dump of table sequence_definition
# ------------------------------------------------------------

DROP TABLE IF EXISTS `sequence_definition`;

CREATE TABLE `sequence_definition` (
  `id` bigint(20) NOT NULL AUTO_INCREMENT,
  `version` bigint(20) NOT NULL,
  `format` varchar(100) DEFAULT NULL,
  `name` varchar(100) NOT NULL,
  `tenant_id` bigint(20) DEFAULT NULL,
  PRIMARY KEY (`id`),
  UNIQUE KEY `tenant_id` (`tenant_id`,`name`)
) ENGINE=InnoDB DEFAULT CHARSET=utf8;

LOCK TABLES `sequence_definition` WRITE;
/*!40000 ALTER TABLE `sequence_definition` DISABLE KEYS */;

INSERT INTO `sequence_definition` (`id`, `version`, `format`, `name`, `tenant_id`)
VALUES
	(1,0,'%d','meeting',0);

/*!40000 ALTER TABLE `sequence_definition` ENABLE KEYS */;
UNLOCK TABLES;


# Dump of table sequence_number
# ------------------------------------------------------------

DROP TABLE IF EXISTS `sequence_number`;

CREATE TABLE `sequence_number` (
  `id` bigint(20) NOT NULL AUTO_INCREMENT,
  `version` bigint(20) NOT NULL,
  `definition_id` bigint(20) NOT NULL,
  `sequence_group` varchar(40) DEFAULT NULL,
  `sequence_number` bigint(20) NOT NULL,
  PRIMARY KEY (`id`),
  UNIQUE KEY `definition_id` (`definition_id`,`sequence_group`),
  KEY `FKB1F755875EBCFCC6` (`definition_id`),
  CONSTRAINT `FKB1F755875EBCFCC6` FOREIGN KEY (`definition_id`) REFERENCES `sequence_definition` (`id`)
) ENGINE=InnoDB DEFAULT CHARSET=utf8;

LOCK TABLES `sequence_number` WRITE;
/*!40000 ALTER TABLE `sequence_number` DISABLE KEYS */;

INSERT INTO `sequence_number` (`id`, `version`, `definition_id`, `sequence_group`, `sequence_number`)
VALUES
	(1,0,1,'1',1);

/*!40000 ALTER TABLE `sequence_number` ENABLE KEYS */;
UNLOCK TABLES;


# Dump of table shareholder
# ------------------------------------------------------------

DROP TABLE IF EXISTS `shareholder`;

CREATE TABLE `shareholder` (
  `id` bigint(20) NOT NULL AUTO_INCREMENT,
  `version` bigint(20) NOT NULL,
  `account_id` varchar(12) NOT NULL,
  `address` varchar(140) NOT NULL,
  `email` varchar(60) DEFAULT NULL,
  `fax` varchar(30) DEFAULT NULL,
  `first_name` varchar(40) DEFAULT NULL,
  `group_name` varchar(255) DEFAULT NULL,
  `holder_type` int(11) NOT NULL,
  `home_phone` varchar(30) DEFAULT NULL,
  `last_name` varchar(110) NOT NULL,
  `meeting_id` bigint(20) NOT NULL,
  `mobile_phone` varchar(30) DEFAULT NULL,
  `prefix` varchar(30) DEFAULT NULL,
  `reference_id` varchar(13) DEFAULT NULL,
  `reference_type` int(11) NOT NULL,
  `register_share` decimal(19,4) DEFAULT NULL,
  `registration_id` bigint(20) DEFAULT NULL,
  `share_quantity` decimal(19,4) NOT NULL,
  `work_phone` varchar(30) DEFAULT NULL,
  `zip_code` varchar(5) NOT NULL,
  PRIMARY KEY (`id`),
  KEY `FK27627A4BCB389BBA` (`meeting_id`),
  KEY `FK27627A4BA0B7DF3A` (`registration_id`),
  CONSTRAINT `FK27627A4BA0B7DF3A` FOREIGN KEY (`registration_id`) REFERENCES `registration` (`id`),
  CONSTRAINT `FK27627A4BCB389BBA` FOREIGN KEY (`meeting_id`) REFERENCES `meeting` (`id`)
) ENGINE=InnoDB DEFAULT CHARSET=utf8;



# Dump of table snapshot
# ------------------------------------------------------------

DROP TABLE IF EXISTS `snapshot`;

CREATE TABLE `snapshot` (
  `id` bigint(20) NOT NULL AUTO_INCREMENT,
  `version` bigint(20) NOT NULL,
  `agenda_id` bigint(20) DEFAULT NULL,
  `checkout_share_count` decimal(19,4) NOT NULL,
  `checkout_shareholder` int(11) NOT NULL,
  `meeting_id` bigint(20) NOT NULL,
  `proxy_register_share_count` decimal(19,4) NOT NULL,
  `proxy_register_shareholder` int(11) NOT NULL,
  `self_register_share_count` decimal(19,4) NOT NULL,
  `self_register_shareholder` int(11) NOT NULL,
  `shareholder_in_room` int(11) NOT NULL,
  `taken_time` datetime NOT NULL,
  `total_share_sold` decimal(19,4) NOT NULL,
  PRIMARY KEY (`id`),
  KEY `FK10FAD5C4E86525A` (`agenda_id`),
  KEY `FK10FAD5C4CB389BBA` (`meeting_id`),
  CONSTRAINT `FK10FAD5C4CB389BBA` FOREIGN KEY (`meeting_id`) REFERENCES `meeting` (`id`),
  CONSTRAINT `FK10FAD5C4E86525A` FOREIGN KEY (`agenda_id`) REFERENCES `agenda` (`id`)
) ENGINE=InnoDB DEFAULT CHARSET=utf8;



# Dump of table vote_agenda
# ------------------------------------------------------------

DROP TABLE IF EXISTS `vote_agenda`;

CREATE TABLE `vote_agenda` (
  `id` bigint(20) NOT NULL,
  `approve_message` longtext,
  `calculation_base` int(11) DEFAULT NULL,
  `exclude_condition` int(11) DEFAULT NULL,
  `max_abstain_percent` int(11) DEFAULT NULL,
  `max_disapprove_percent` int(11) DEFAULT NULL,
  `max_disapprove_percent_of_register_shares` int(11) DEFAULT NULL,
  `max_voided_percent` int(11) DEFAULT NULL,
  `min_approve_percentage` int(11) DEFAULT NULL,
  `parent_id` bigint(20) DEFAULT NULL,
  `voided_ballot_display_option` int(11) DEFAULT NULL,
  `vote_counting_type` int(11) DEFAULT NULL,
  PRIMARY KEY (`id`),
  KEY `FK4EC8B013B629086` (`parent_id`),
  CONSTRAINT `FK4EC8B013B629086` FOREIGN KEY (`parent_id`) REFERENCES `vote_agenda` (`id`)
) ENGINE=InnoDB DEFAULT CHARSET=utf8;



# Dump of table vote_option
# ------------------------------------------------------------

DROP TABLE IF EXISTS `vote_option`;

CREATE TABLE `vote_option` (
  `id` bigint(20) NOT NULL AUTO_INCREMENT,
  `version` bigint(20) NOT NULL,
  `agenda_id` bigint(20) NOT NULL,
  `description` varchar(255) NOT NULL,
  `vote_options_idx` int(11) DEFAULT NULL,
  PRIMARY KEY (`id`),
  KEY `FK1D55F76AE86525A` (`agenda_id`),
  CONSTRAINT `FK1D55F76AE86525A` FOREIGN KEY (`agenda_id`) REFERENCES `agenda` (`id`)
) ENGINE=InnoDB DEFAULT CHARSET=utf8;



# Dump of table vote_option_detail
# ------------------------------------------------------------

DROP TABLE IF EXISTS `vote_option_detail`;

CREATE TABLE `vote_option_detail` (
  `id` bigint(20) NOT NULL AUTO_INCREMENT,
  `version` bigint(20) NOT NULL,
  `description` varchar(255) NOT NULL,
  `vote_option_id` bigint(20) NOT NULL,
  PRIMARY KEY (`id`),
  KEY `FKC06CD2C6AF69962F` (`vote_option_id`),
  CONSTRAINT `FKC06CD2C6AF69962F` FOREIGN KEY (`vote_option_id`) REFERENCES `vote_option` (`id`)
) ENGINE=InnoDB DEFAULT CHARSET=utf8;



# Dump of table voting_score
# ------------------------------------------------------------

DROP TABLE IF EXISTS `voting_score`;

CREATE TABLE `voting_score` (
  `id` bigint(20) NOT NULL AUTO_INCREMENT,
  `version` bigint(20) NOT NULL,
  `ballot_id` bigint(20) NOT NULL,
  `is_pre_vote` bit(1) NOT NULL,
  `score` decimal(19,4) NOT NULL,
  `type` int(11) NOT NULL,
  PRIMARY KEY (`id`),
  UNIQUE KEY `type` (`type`,`ballot_id`),
  KEY `FK3067457AA46CBB5A` (`ballot_id`),
  CONSTRAINT `FK3067457AA46CBB5A` FOREIGN KEY (`ballot_id`) REFERENCES `ballot` (`id`)
) ENGINE=InnoDB DEFAULT CHARSET=utf8;




/*!40111 SET SQL_NOTES=@OLD_SQL_NOTES */;
/*!40101 SET SQL_MODE=@OLD_SQL_MODE */;
/*!40014 SET FOREIGN_KEY_CHECKS=@OLD_FOREIGN_KEY_CHECKS */;
/*!40101 SET CHARACTER_SET_CLIENT=@OLD_CHARACTER_SET_CLIENT */;
/*!40101 SET CHARACTER_SET_RESULTS=@OLD_CHARACTER_SET_RESULTS */;
/*!40101 SET COLLATION_CONNECTION=@OLD_COLLATION_CONNECTION */;
